Mois;Gare;Prévues;Assurées;Pourcentage de correspondances assurées
2016-01;ANTWERPEN-CENTRAAL;32459;29622;91.2597430604763
2016-01;CHARLEROI-SUD;15534;14320;92.18488476889404
2016-01;ZOTTEGEM;5934;5327;89.77081226828446
2016-02;CHARLEROI-SUD;17292;16102;93.11820495026602
2016-02;GENT-SINT-PIETERS;48343;43571;90.12887077756862
2016-02;MECHELEN;42994;40027;93.0990370749407
2016-02;NAMUR;17983;16574;92.16482233220263
2016-03;BRUGGE;18545;17775;95.8479374494473
2016-03;LEUVEN;39764;36591;92.02042048083695
2016-03;LIEGE-GUILLEMINS;33165;29833;89.95326398311472
2016-03;ZOTTEGEM;6067;5522;91.01697708917092
2016-04;BRUGGE;17978;17315;96.31215930581823
2016-04;CHARLEROI-SUD;17168;15713;91.52493010251631
2016-04;LEUVEN;38860;35929;92.45753988677303
2016-04;ZOTTEGEM;5549;5045;90.91728239322401
2016-05;BRUGGE;17161;16130;93.99219159722627
2016-05;GENT-SINT-PIETERS;47098;42167;89.53034099112489
2016-05;LEUVEN;33497;30739;91.76642684419501
2016-05;LIEGE-GUILLEMINS;26633;23995;90.09499493110052
2016-05;NAMUR;14031;12683;90.39270187442092
2016-06;BRUGGE;19262;18019;93.54687986709584
2016-06;LEUVEN;36759;32966;89.6814385592644
2016-06;NAMUR;15305;11927;77.92878144397257
2016-07;BRUGGE;22750;21985;96.63736263736263
2016-07;LIEGE-GUILLEMINS;30716;27838;90.63029040239614
2016-07;MECHELEN;37697;35451;94.04196620420723
2016-07;NAMUR;16120;14389;89.26178660049628
2016-08;GENT-SINT-PIETERS;52704;49015;93.0005312689739
2016-08;LIEGE-GUILLEMINS;28820;25809;89.55239417071478
2016-08;MONS;7825;7253;92.69009584664538
2016-08;ZOTTEGEM;5336;4930;92.3913043478261
2016-09;CHARLEROI-SUD;17877;15972;89.34384963920121
2016-09;LIEGE-GUILLEMINS;33662;30139;89.53419285841602
2016-10;LEUVEN;38844;34265;88.21182164555658
2016-10;MONS;8311;7111;85.56130429551197
2016-10;ZOTTEGEM;5850;5159;88.1880341880342
2016-11;ANTWERPEN-CENTRAAL;32361;28564;88.26674083001144
2016-11;CHARLEROI-SUD;16706;14639;87.62719980845205
2016-11;MONS;7706;6335;82.2086685699455
2016-12;BRUGGE;18673;17757;95.09452150163338
2016-12;MONS;8744;8105;92.69213174748398
2017-01;GENT-SINT-PIETERS;50427;45897;91.01671723481468
2017-01;ZOTTEGEM;5933;5510;92.87038597674027
2017-02;ANTWERPEN-CENTRAAL;32675;29651;90.7452180566182
2017-02;BRUGGE;16261;15294;94.05325625730275
2017-02;CHARLEROI-SUD;16509;15343;92.93718577745473
2017-02;GENT-SINT-PIETERS;45737;41391;90.49784638257866
2017-02;MONS;8250;7733;93.73333333333333
2017-02;NAMUR;17917;15719;87.73232125913937
2017-02;ZOTTEGEM;5672;5383;94.90479548660085
2017-03;CHARLEROI-SUD;18621;17298;92.89511841469309
2017-03;LIEGE-GUILLEMINS;34217;30433;88.94116959406144
2017-04;LEUVEN;37643;34890;92.68655526923996
2017-04;NAMUR;17150;15585;90.87463556851311
2017-05;BRUGGE;19230;18180;94.53978159126365
2017-05;NAMUR;19021;15693;82.50354870932128
2017-06;CHARLEROI-SUD;16644;14969;89.93631338620524
2017-06;MECHELEN;37637;34568;91.84579004702819
2017-07;GENT-SINT-PIETERS;50075;46310;92.48127808287569
2017-08;GENT-SINT-PIETERS;50907;47335;92.9832832419903
2017-08;LIEGE-GUILLEMINS;30158;27561;91.388686252404
2017-08;MECHELEN;38733;36818;95.05589548963415
2017-08;ZOTTEGEM;5293;5108;96.50481768373324
2017-09;MONS;8771;7974;90.91323680310113
2017-09;ZOTTEGEM;5775;5330;92.2943722943723
2017-10;CHARLEROI-SUD;16463;14226;86.41195407884346
2017-10;LIEGE-GUILLEMINS;32720;27286;83.39242053789732
2017-10;ZOTTEGEM;6032;5561;92.19164456233422
2017-11;MECHELEN;40229;36304;90.24335678242065
2017-11;NAMUR;16754;13293;79.342246627671
2017-12;ANTWERPEN-CENTRAAL;51652;45661;88.40122357314334
2017-12;BRUGGE;16212;15063;92.91265729089562
2017-12;CHARLEROI-SUD;15928;14079;88.39151180311401
2017-12;GENT-SINT-PIETERS;52977;47391;89.45580157426808
2017-12;LEUVEN;40996;36020;87.86223046150845
2017-12;LIEGE-GUILLEMINS;31507;26765;84.94937632906972
2017-12;MONS;9717;8649;89.00895338067305
2018-01;LEUVEN;42973;38815;90.32415702883205
2018-01;LIEGE-GUILLEMINS;32956;29165;88.49678359024153
2018-02;CHARLEROI-SUD;16080;14465;89.95646766169155
2018-02;MECHELEN;36993;33216;89.78996026275242
2018-03;CHARLEROI-SUD;18479;16841;91.13588397640565
2018-03;MECHELEN;41464;38168;92.05093575149527
2018-03;MONS;11322;10353;91.44144144144144
2018-03;ZOTTEGEM;7183;6755;94.04148684393707
2018-04;BRUGGE;15973;14956;93.63300569711387
2018-04;LEUVEN;37190;33527;90.1505781123958
2018-04;MECHELEN;38463;35570;92.47848581753894
2018-05;MECHELEN;41383;36344;87.82350240436895
2018-05;NAMUR;22959;20594;89.69902870334073
2018-06;LIEGE-GUILLEMINS;31755;26008;81.90206266729649
2018-06;MECHELEN;40149;35923;89.47420857306533
2018-07;BRUGGE;20113;18650;92.72609754884901
2018-07;CHARLEROI-SUD;15804;14358;90.85041761579346
2018-07;LIEGE-GUILLEMINS;32425;28007;86.37471087124132
2018-07;NAMUR;20984;18628;88.77239801753717
2018-07;ZOTTEGEM;5536;5233;94.52673410404624
2018-08;ANTWERPEN-CENTRAAL;51536;46535;90.29610369450481
2018-08;BRUGGE;21715;20629;94.9988487220815
2018-08;CHARLEROI-SUD;15662;14362;91.69965521644745
2018-08;GENT-SINT-PIETERS;57454;53718;93.49740662094894
2018-08;LEUVEN;42176;38888;92.2040971168437
2018-09;ANTWERPEN-CENTRAAL;51625;47141;91.31428571428572
2018-10;BRUGGE;16246;14970;92.14575895605071
2018-10;CHARLEROI-SUD;18884;16922;89.61025206524042
2018-10;GENT-SINT-PIETERS;59908;53802;89.80770514789343
2018-10;LIEGE-GUILLEMINS;34192;27166;79.45133364529715
2018-10;MONS;11316;9972;88.12301166489925
2018-10;NAMUR;25662;22177;86.4196087600343
2018-11;ANTWERPEN-CENTRAAL;51761;46208;89.27184559803713
2018-11;BRUGGE;15182;13826;91.06837043867738
2018-11;LEUVEN;40374;35398;87.67523653836628
2018-11;MECHELEN;39792;35339;88.80930840369923
2018-12;ANTWERPEN-CENTRAAL;49872;45069;90.36934552454284
2018-12;BRUGGE;16269;15546;95.5559653328416
2018-12;LEUVEN;40454;37248;92.07494932515944
2018-12;LIEGE-GUILLEMINS;33072;29437;89.00882922109338
2018-12;MECHELEN;38419;35223;91.68119940654364
2019-01;LEUVEN;42707;39243;91.88891750766854
2019-01;ZOTTEGEM;6945;6628;95.43556515478761
2019-02;BRUGGE;14813;14162;95.6052116384257
2019-02;LEUVEN;38475;35404;92.01819363222872
2019-02;LIEGE-GUILLEMINS;30121;27269;90.53152285780685
2019-02;MECHELEN;36413;33032;90.71485458490099
2019-02;MONS;9442;8711;92.25799618724847
2019-02;NAMUR;21117;19306;91.42397120803145
2019-03;ANTWERPEN-CENTRAAL;51291;47179;91.98299896668031
2019-03;MONS;10243;9352;91.30137654983892
2019-04;ANTWERPEN-CENTRAAL;48175;43806;90.93098079916969
2019-04;BRUGGE;16179;15509;95.85882934668398
2019-04;MONS;9395;8513;90.61202767429484
2019-04;NAMUR;19208;17475;90.97771761765931
2019-05;BRUGGE;16891;16224;96.05115150079924
2019-05;GENT-SINT-PIETERS;54742;49965;91.27361075590954
2019-05;MECHELEN;37768;33855;89.63937725058251
2019-05;NAMUR;18626;16607;89.16031354021261
2019-05;ZOTTEGEM;6449;6099;94.57280198480385
2019-06;ANTWERPEN-CENTRAAL;48287;43006;89.0633089651459
2019-06;BRUGGE;16431;15624;95.08855212707687
2019-06;LIEGE-GUILLEMINS;30177;26714;88.52437286675283
2019-06;MECHELEN;36873;33260;90.20150245437041
2019-07;BRUGGE;20805;19593;94.17447728911318
2019-07;GENT-SINT-PIETERS;53497;49564;92.64818587958203
2019-07;LIEGE-GUILLEMINS;12672;11027;87.01862373737373
2019-08;ANTWERPEN-CENTRAAL;50360;46493;92.32128673550437
2019-08;BRUGGE;20739;19997;96.42219972033367
2019-08;MECHELEN;36874;34247;92.87573900309161
2019-08;MONS;9041;8603;95.15540316336688
2019-09;ANTWERPEN-CENTRAAL;51784;47557;91.83724702610844
2019-09;BRUGGE;16356;15533;94.96820738566886
2019-09;CHARLEROI-SUD;17408;16225;93.20427389705883
2019-09;LEUVEN;41777;38667;92.5557124733705
2019-09;MONS;10147;9483;93.45619394895043
2019-09;NAMUR;17686;16521;93.41286893588149
2019-10;MONS;10098;9254;91.64190928896812
2019-10;NAMUR;19099;17400;91.10424629561757
2019-10;ZOTTEGEM;7145;6719;94.03778866340097
2019-11;CHARLEROI-SUD;16991;15209;89.51209463833794
2019-11;GENT-SINT-PIETERS;51935;47778;91.99576393568884
2019-11;LIEGE-GUILLEMINS;29910;25181;84.18923436977599
2019-11;MECHELEN;36779;33095;89.98341444846244
2019-11;MONS;9606;8666;90.21444930251926
2019-11;NAMUR;21253;18836;88.62748788406343
2019-12;ANTWERPEN-CENTRAAL;49022;44789;91.3651013830525
2019-12;BRUGGE;15391;14663;95.26996296536937
2019-12;GENT-SINT-PIETERS;50879;47694;93.74004992236482
2019-12;NAMUR;21561;19694;91.34084689949445
2020-01;LEUVEN;43110;40230;93.31941544885177
2020-02;CHARLEROI-SUD;16400;15019;91.57926829268293
2020-02;LIEGE-GUILLEMINS;32152;28971;90.10636974371734
2020-03;ANTWERPEN-CENTRAAL;36975;34643;93.69303583502366
2020-03;GENT-SINT-PIETERS;42310;40182;94.97045615693689
2020-03;LIEGE-GUILLEMINS;26777;24421;91.2014041901632
2020-04;CHARLEROI-SUD;5985;5710;95.40517961570593
2020-04;GENT-SINT-PIETERS;20109;19408;96.5139987070466
2020-04;LIEGE-GUILLEMINS;8642;8262;95.60286970608655
2020-04;MECHELEN;13096;12532;95.69334147831398
2020-04;MONS;3907;3804;97.36370616841566
2020-05;CHARLEROI-SUD;15093;13612;90.18750414099252
2020-05;MONS;7928;7371;92.97426841574168
2020-05;NAMUR;21187;20118;94.95445320243545
2020-06;LEUVEN;38967;36844;94.55180024122976
2020-07;LEUVEN;36083;34331;95.14452789402212
2020-07;MECHELEN;23709;22349;94.26378168627947
2020-07;MONS;9219;8827;95.74791192103265
2020-08;BRUGGE;20053;19358;96.53418441131004
2020-08;LEUVEN;38186;36052;94.41156444770334
2020-08;MONS;8755;8361;95.49971444888635
2020-08;ZOTTEGEM;3498;3394;97.02687249857061
2020-09;LEUVEN;42059;38884;92.45108062483654
2020-09;LIEGE-GUILLEMINS;32642;30081;92.15427976226947
2020-09;MECHELEN;40667;37982;93.3975951016795
2020-09;NAMUR;20040;18502;92.32534930139721
2020-10;BRUGGE;14978;14288;95.39324342368808
2020-10;CHARLEROI-SUD;16015;14612;91.23946300343428
2020-10;GENT-SINT-PIETERS;52656;49065;93.18026435733819
2020-10;LEUVEN;42310;39319;92.93074923186008
2020-11;CHARLEROI-SUD;13134;12102;92.14253083599817
2020-11;GENT-SINT-PIETERS;48182;44535;92.43078328006308
2020-11;MECHELEN;32249;29618;91.84160749170516
2020-11;MONS;8897;8265;92.8964819602113
2020-12;BRUGGE;15626;15070;96.44182772302572
2020-12;CHARLEROI-SUD;15956;15095;94.60391075457508
2020-12;NAMUR;22037;20969;95.15360530017698
2020-12;ZOTTEGEM;7038;6850;97.3287865870986
2021-01;CHARLEROI-SUD;16047;14837;92.45964977877485
2021-01;LEUVEN;41560;39201;94.32386910490857
2021-01;LIEGE-GUILLEMINS;30866;28795;93.29035184345234
2021-01;MECHELEN;37314;34435;92.28439727716139
2021-01;ZOTTEGEM;7302;7082;96.98712681457134
2021-02;ANTWERPEN-CENTRAAL;36521;33548;91.85947810848553
2021-02;LIEGE-GUILLEMINS;28918;26268;90.8361574106093
2021-03;ANTWERPEN-CENTRAAL;46864;43827;93.51954592010925
2021-03;GENT-SINT-PIETERS;53082;49183;92.65476055913491
2021-03;ZOTTEGEM;7553;7191;95.2072024361181
2021-04;BRUGGE;14776;14280;96.64320519761776
2021-04;CHARLEROI-SUD;13566;12647;93.22571133716644
2021-04;NAMUR;18256;17181;94.1115249780894
2021-04;ZOTTEGEM;5992;5801;96.81241655540721
2021-05;BRUGGE;16113;15610;96.87829702724508
2021-05;CHARLEROI-SUD;15150;14137;93.31353135313532
2021-05;LEUVEN;38636;36408;94.23335749042344
2021-05;MONS;10016;9412;93.96964856230032
2021-05;NAMUR;20402;18906;92.66738555043624
2021-06;ANTWERPEN-CENTRAAL;45486;42040;92.42404256254672
2021-06;CHARLEROI-SUD;16545;14938;90.28709579933515
2021-06;LEUVEN;42026;38656;91.98115452339029
2021-07;ANTWERPEN-CENTRAAL;43273;40890;94.4931019342315
2021-08;GENT-SINT-PIETERS;55781;53345;95.63292160413044
2021-08;NAMUR;19461;17710;91.00251785622527
2021-09;BRUGGE;14614;13883;94.9979471739428
2021-09;CHARLEROI-SUD;16922;14778;87.3301028247252
2021-09;LEUVEN;42564;39288;92.30335494784325
2021-09;MECHELEN;38921;35236;90.53210349168829
2021-09;NAMUR;24266;21832;89.96950465672133
2021-10;ANTWERPEN-CENTRAAL;49389;44401;89.9005851505396
2021-10;BRUGGE;15135;14366;94.9190617773373
2021-10;LEUVEN;41201;37656;91.39583990679839
2021-10;MONS;9121;8212;90.03398750137046
2021-11;MECHELEN;35513;32701;92.08177287190607
2021-11;NAMUR;21107;19658;93.13497891694699
2021-12;LIEGE-GUILLEMINS;34665;31557;91.03418433578537
2022-01;ANTWERPEN-CENTRAAL;46223;42693;92.36310927460354
2022-01;BRUGGE;14682;14082;95.91336330200245
2022-01;GENT-SINT-PIETERS;50480;47433;93.96394611727416
2022-01;LIEGE-GUILLEMINS;32593;30264;92.8542938667812
2022-02;GENT-SINT-PIETERS;44910;41568;92.55845023380094
2022-03;BRUGGE;15116;14388;95.18391108758931
2022-03;GENT-SINT-PIETERS;53998;49417;91.51635245749843
2022-03;LIEGE-GUILLEMINS;34075;30782;90.3360234776229
2022-04;ANTWERPEN-CENTRAAL;42639;37915;88.92094092262953
2022-04;CHARLEROI-SUD;13826;12335;89.21596991176045
2022-04;NAMUR;21201;19393;91.47210037262393
2022-05;LEUVEN;39363;35414;89.96773619896857
2022-06;CHARLEROI-SUD;16799;15239;90.71373296029526
2022-06;GENT-SINT-PIETERS;52686;47812;90.74896556960104
2022-06;LEUVEN;41633;37355;89.72449739389427
2022-06;LIEGE-GUILLEMINS;29480;25354;86.00407055630936
2022-07;GENT-SINT-PIETERS;50210;46621;92.85202150965944
2022-07;MECHELEN;32141;29342;91.29149684203976
2022-07;MONS;9110;8355;91.71240395170143
2022-08;BRUGGE;15996;15085;94.30482620655164
2022-08;LEUVEN;41098;37577;91.43267312277969
2022-08;LIEGE-GUILLEMINS;16920;14870;87.88416075650119
2022-08;ZOTTEGEM;8455;8036;95.04435245416913
2022-09;ANTWERPEN-CENTRAAL;48255;43413;89.9658066521604
2022-09;CHARLEROI-SUD;13195;11712;88.76089427813567
2022-09;GENT-SINT-PIETERS;51514;46773;90.79667663159529
2022-09;MECHELEN;35753;32148;89.91693004782816
2022-09;NAMUR;18115;16529;91.24482473088601
2022-10;BRUGGE;14649;13831;94.41600109222472
2022-10;LEUVEN;40069;35315;88.13546632059696
2022-10;MECHELEN;32800;27967;85.26524390243902
2022-10;MONS;7383;6323;85.64269267235541
2022-11;LEUVEN;35112;30621;87.2095010252905
2022-11;MECHELEN;30279;26641;87.98507216222464
2022-12;LEUVEN;41065;35531;86.52380372580056
2022-12;MECHELEN;33452;28531;85.28936984335765
2022-12;MONS;9193;7706;83.82464918960079
2022-12;NAMUR;19706;17262;87.59768598396428
2022-12;ZOTTEGEM;8611;8005;92.96248983857856
2023-01;BRUGGE;15705;14908;94.92518306271887
2023-01;MONS;9921;8896;89.6683802036085
2023-01;ZOTTEGEM;8725;8158;93.50143266475645
2023-02;ANTWERPEN-CENTRAAL;38272;32689;85.4123118729097
2023-02;MONS;9284;8168;87.97931925894011
2023-02;NAMUR;20598;18638;90.48451305952034
2023-02;ZOTTEGEM;7942;7445;93.74213044573155
2023-03;LEUVEN;42435;37900;89.31306704371391
2023-03;LIEGE-GUILLEMINS;33130;29425;88.81678237247208
2023-03;MECHELEN;35701;31379;87.89389652950898
2023-03;MONS;9814;8900;90.68677399633177
2023-04;ANTWERPEN-CENTRAAL;43711;38973;89.16062318409553
2023-04;CHARLEROI-SUD;11035;10157;92.04349796103307
2023-04;LEUVEN;38165;33702;88.30603956504652
2023-05;CHARLEROI-SUD;13191;12249;92.85876734136912
2023-05;GENT-SINT-PIETERS;47376;41697;88.0129179331307
2023-05;LEUVEN;39635;34422;86.8474832849754
2023-05;LIEGE-GUILLEMINS;27424;23355;85.16263127187864
2023-06;MECHELEN;34765;30945;89.0119372932547
2023-07;LEUVEN;39722;36417;91.67967373244046
2023-07;LIEGE-GUILLEMINS;18480;16292;88.16017316017316
2023-07;ZOTTEGEM;7353;6995;95.1312389500884
2023-08;ANTWERPEN-CENTRAAL;47180;42682;90.46629927935565
2023-08;ZOTTEGEM;7956;7627;95.8647561588738
2023-09;ANTWERPEN-CENTRAAL;48412;42547;87.8852350656862
2023-09;ZOTTEGEM;8334;7671;92.04463642908567
2023-10;LIEGE-GUILLEMINS;33892;29671;87.5457335064322
2023-10;MECHELEN;42228;37576;88.98361276877901
2023-11;LIEGE-GUILLEMINS;28582;24387;85.32293051570919
2023-11;MONS;8732;7469;85.53595968850206
2023-11;NAMUR;19967;17820;89.24725797565985
2023-12;ANTWERPEN-CENTRAAL;44066;37703;85.56029591975673
2023-12;ZOTTEGEM;7329;6858;93.57347523536636
2024-01;ANTWERPEN-CENTRAAL;50446;42792;84.82734012607541
2024-01;BRUGGE;14971;14001;93.5208068933271
2024-01;LIEGE-GUILLEMINS;34085;29004;85.09314947924307
2024-02;ANTWERPEN-CENTRAAL;48911;42414;86.71668949725012
2024-02;NAMUR;22756;20991;92.2438038319564
2024-03;ANTWERPEN-CENTRAAL;50662;45008;88.83976155698551
2024-03;GENT-SINT-PIETERS;48225;43372;89.93675479523068
2024-03;LIEGE-GUILLEMINS;36056;32134;89.12247614821389
2024-03;NAMUR;22981;21283;92.61128758539662
2024-04;ANTWERPEN-CENTRAAL;48035;42075;87.5923805558447
2024-04;MECHELEN;39279;35801;91.14539575854782
2024-05;NAMUR;20440;18606;91.02739726027397
2024-05;ZOTTEGEM;7966;7420;93.14586994727593
2016-01;NAMUR;16059;14724;91.68690453951055
2016-02;ANTWERPEN-CENTRAAL;34280;31876;92.98716452742124
2016-02;LEUVEN;37580;34326;91.34113890367217
2016-02;MONS;8382;7735;92.28107850155094
2016-03;MECHELEN;43957;40761;92.72925813863549
2016-03;MONS;8797;7885;89.6328293736501
2016-03;NAMUR;18388;16428;89.34087448335872
2016-04;MONS;8499;7871;92.61089539945876
2016-04;NAMUR;17561;15698;89.39126473435454
2016-05;ANTWERPEN-CENTRAAL;30983;27856;89.90736855695059
2016-05;MECHELEN;34991;31520;90.08030636449372
2016-05;MONS;6889;6370;92.46625054434607
2016-06;ANTWERPEN-CENTRAAL;33283;30442;91.46411080731906
2016-06;CHARLEROI-SUD;14676;12873;87.71463614063778
2016-06;LIEGE-GUILLEMINS;25827;22077;85.48031130212567
2016-06;MONS;7242;6476;89.42281137807235
2016-07;ANTWERPEN-CENTRAAL;32378;30375;93.81370066094262
2016-07;MONS;8479;7906;93.24212760938791
2016-08;ANTWERPEN-CENTRAAL;33566;31696;94.42888637311565
2016-08;BRUGGE;22936;22016;95.98883850715033
2016-08;CHARLEROI-SUD;17051;15600;91.49023517682248
2016-08;LEUVEN;38297;35528;92.7696686424524
2016-08;NAMUR;17105;14715;86.02747734580532
2016-09;BRUGGE;18383;17534;95.38160256758962
2016-09;NAMUR;18635;16496;88.52159914140059
2016-10;ANTWERPEN-CENTRAAL;33202;29927;90.13613637732666
2016-10;CHARLEROI-SUD;17231;15031;87.23231385293947
2016-10;GENT-SINT-PIETERS;50838;45113;88.73873873873875
2016-10;MECHELEN;38484;34939;90.78837958632158
2016-10;NAMUR;18586;15585;83.85343807166684
2016-11;LEUVEN;37555;31457;83.76248169351618
2016-11;MECHELEN;37901;33748;89.04250547478958
2016-11;NAMUR;17509;14010;80.01599177565824
2016-12;CHARLEROI-SUD;17708;16528;93.33634515473233
2016-12;GENT-SINT-PIETERS;50475;45990;91.11441307578009
2016-12;NAMUR;18977;16526;87.08436528429151
2016-12;ZOTTEGEM;5756;5384;93.5371785962474
2017-01;BRUGGE;18297;17256;94.31054271192
2017-01;CHARLEROI-SUD;17785;16810;94.5178521225752
2017-01;LEUVEN;42255;38671;91.51816353094308
2017-01;NAMUR;19243;17351;90.16785324533598
2017-03;GENT-SINT-PIETERS;51258;46458;90.635608100199
2017-03;ZOTTEGEM;6352;5924;93.26196473551637
2017-04;ANTWERPEN-CENTRAAL;31201;29267;93.80148072177174
2017-04;BRUGGE;17341;16678;96.17669107894585
2017-04;CHARLEROI-SUD;15519;14747;95.02545267091952
2017-04;GENT-SINT-PIETERS;45817;42330;92.38928781893185
2017-04;MECHELEN;36363;34604;95.16266534664356
2017-04;MONS;7991;7537;94.31860843448881
2017-04;ZOTTEGEM;5068;4813;94.96842936069456
2017-05;GENT-SINT-PIETERS;50626;45096;89.07675897760045
2017-05;LIEGE-GUILLEMINS;32180;27529;85.5469235550031
2017-05;MECHELEN;39944;36073;90.30893250550771
2017-05;MONS;8646;7729;89.39393939393939
2017-06;ANTWERPEN-CENTRAAL;32385;29458;90.96186506098502
2017-06;MONS;8170;7196;88.07833537331702
2017-06;NAMUR;18208;15214;83.55667838312829
2017-06;ZOTTEGEM;5491;5128;93.38918229830632
2017-07;ANTWERPEN-CENTRAAL;32478;30450;93.75577313874007
2017-07;BRUGGE;23517;22224;94.50184972573032
2017-07;CHARLEROI-SUD;15642;14666;93.76038869709757
2017-07;LEUVEN;38230;35023;91.61130002615747
2017-07;LIEGE-GUILLEMINS;30616;27364;89.37810295270447
2017-07;MECHELEN;37892;35984;94.9646363348464
2017-08;LEUVEN;40344;37295;92.4424945468967
2017-08;MONS;7973;7609;95.43459174714663
2017-08;NAMUR;17702;15878;89.69607953903514
2017-09;ANTWERPEN-CENTRAAL;34670;31764;91.61811364291896
2017-09;BRUGGE;18112;17027;94.0094964664311
2017-09;CHARLEROI-SUD;16187;14718;90.92481621053932
2017-09;LEUVEN;42169;36949;87.621238350447
2017-09;LIEGE-GUILLEMINS;34205;29696;86.81771670808361
2017-09;MECHELEN;38801;35821;92.3197855725368
2017-10;ANTWERPEN-CENTRAAL;47387;42156;88.96110747673413
2017-10;BRUGGE;18067;16687;92.3617645430896
2017-10;GENT-SINT-PIETERS;50043;43617;87.15904322282837
2017-10;MECHELEN;40817;36215;88.72528603278046
2017-10;MONS;9100;7891;86.71428571428571
2017-11;ANTWERPEN-CENTRAAL;45176;39964;88.46290065521517
2017-11;BRUGGE;17928;16447;91.73917893797412
2017-11;ZOTTEGEM;5935;5371;90.49705139005897
2017-12;MECHELEN;39191;35047;89.42614375749535
2017-12;NAMUR;20542;17646;85.90205432771883
2018-01;ANTWERPEN-CENTRAAL;57947;51835;89.4524306694048
2018-01;BRUGGE;17212;16240;94.35277713223333
2018-01;MECHELEN;41031;36853;89.81745509492822
2018-01;NAMUR;24736;22257;89.97816946959897
2018-02;MONS;10336;9374;90.69272445820434
2018-02;ZOTTEGEM;6297;5892;93.56836588851834
2018-03;LEUVEN;43488;39345;90.47323399558499
2018-03;LIEGE-GUILLEMINS;33001;28281;85.6974031089967
2018-03;NAMUR;24587;21774;88.55899459063733
2018-04;CHARLEROI-SUD;16147;14695;91.0076175140893
2018-04;MONS;10482;9621;91.78591871780195
2018-04;NAMUR;21935;19459;88.71210394346934
2018-04;ZOTTEGEM;6025;5686;94.3734439834025
2018-05;ANTWERPEN-CENTRAAL;51115;44765;87.57703218233395
2018-05;BRUGGE;16518;15042;91.06429349800219
2018-05;CHARLEROI-SUD;17530;15772;89.9714774671991
2018-05;GENT-SINT-PIETERS;55327;48740;88.09442044571367
2018-06;LEUVEN;41302;36201;87.6495084983778
2018-06;NAMUR;22593;19432;86.0089408223786
2018-06;ZOTTEGEM;6485;6000;92.52120277563608
2018-07;GENT-SINT-PIETERS;53230;48306;90.74957730603043
2018-07;LEUVEN;39249;34919;88.96787179291192
2018-07;MECHELEN;38465;34847;90.59404653581178
2018-08;LIEGE-GUILLEMINS;33119;29387;88.73154382680637
2018-08;MECHELEN;40381;37314;92.40484386221243
2018-08;MONS;9615;8774;91.2532501300052
2018-08;NAMUR;22677;20706;91.30837412356132
2018-08;ZOTTEGEM;6026;5804;96.31596415532691
2018-09;LIEGE-GUILLEMINS;31769;25217;79.37612137618433
2018-09;NAMUR;21816;18370;84.2042537587092
2018-10;ZOTTEGEM;7352;6905;93.92002176278564
2018-11;CHARLEROI-SUD;17461;15165;86.85069583643549
2018-11;GENT-SINT-PIETERS;57400;50969;88.79616724738676
2018-12;GENT-SINT-PIETERS;55273;51856;93.817958135075
2018-12;NAMUR;22141;20052;90.56501513030125
2019-01;ANTWERPEN-CENTRAAL;54274;49160;90.57744039503261
2019-01;BRUGGE;15875;15011;94.55748031496063
2019-01;CHARLEROI-SUD;18735;17272;92.19108620229517
2019-01;GENT-SINT-PIETERS;56244;52060;92.56098428276795
2019-01;MECHELEN;40278;36953;91.74487313173445
2019-01;MONS;10814;9868;91.25208063621231
2019-02;GENT-SINT-PIETERS;51319;48345;94.20487538728347
2019-03;LIEGE-GUILLEMINS;33404;30240;90.52808046940486
2019-03;MECHELEN;40494;37464;92.51740998666469
2019-04;ZOTTEGEM;6146;5902;96.02993817116824
2019-05;ANTWERPEN-CENTRAAL;47699;43219;90.6077695549173
2019-05;CHARLEROI-SUD;18845;17253;91.55213584505174
2019-05;LEUVEN;41415;37908;91.53205360376676
2019-05;LIEGE-GUILLEMINS;34184;30613;89.55359232389422
2019-05;MONS;9633;8799;91.34226097788851
2019-06;CHARLEROI-SUD;16063;14474;90.10770092759759
2019-06;GENT-SINT-PIETERS;53536;49350;92.18096234309623
2019-06;MONS;9127;8269;90.59932069683357
2019-07;ANTWERPEN-CENTRAAL;52156;47137;90.37694608482245
2019-07;LEUVEN;41990;38640;92.02190997856633
2019-07;MECHELEN;38011;34944;91.93128304964353
2019-07;NAMUR;18612;17519;94.12744465935955
2019-08;CHARLEROI-SUD;15199;14315;94.18382788341339
2019-08;LEUVEN;39651;37547;94.69370255479055
2019-08;NAMUR;16145;15385;95.29266026633633
2019-09;GENT-SINT-PIETERS;56080;51699;92.1879457917261
2019-09;LIEGE-GUILLEMINS;29263;26209;89.56361275330622
2019-10;ANTWERPEN-CENTRAAL;55511;50284;90.58384824629353
2019-10;BRUGGE;15751;14850;94.27972827122088
2019-10;LIEGE-GUILLEMINS;33167;29364;88.53378358006452
2019-11;ANTWERPEN-CENTRAAL;48828;44085;90.2863111329565
2019-11;BRUGGE;15209;14525;95.5026628969689
2019-11;LEUVEN;38928;34835;89.4857172215372
2019-11;ZOTTEGEM;6265;5887;93.96648044692736
2019-12;CHARLEROI-SUD;16478;15227;92.40805923048913
2019-12;LIEGE-GUILLEMINS;29630;26216;88.47789402632466
2019-12;MONS;9900;9280;93.73737373737374
2019-12;ZOTTEGEM;6060;5780;95.37953795379538
2020-01;GENT-SINT-PIETERS;51149;48099;94.03702907192711
2020-01;LIEGE-GUILLEMINS;33653;30787;91.4836715894571
2020-01;MONS;10879;10085;92.70153506756135
2020-01;ZOTTEGEM;6990;6706;95.93705293276109
2020-02;ANTWERPEN-CENTRAAL;46191;41516;89.8789807538265
2020-02;BRUGGE;13554;12866;94.92400767301166
2020-02;GENT-SINT-PIETERS;48858;44642;91.37091162143354
2020-02;LEUVEN;39491;35723;90.45858550049378
2020-02;MONS;9171;8303;90.53538327336167
2020-02;NAMUR;22796;21172;92.8759431479207
2020-02;ZOTTEGEM;6362;6074;95.47312165985538
2020-03;BRUGGE;12574;12206;97.0733259106092
2020-03;CHARLEROI-SUD;14073;13097;93.06473388758616
2020-03;LEUVEN;34117;31487;92.29123310959346
2020-03;MECHELEN;30813;28388;92.12994515301983
2020-04;ANTWERPEN-CENTRAAL;10799;10490;97.13862394666172
2020-04;BRUGGE;6578;6438;97.87169352386744
2020-04;NAMUR;9365;9129;97.47997864388681
2020-05;BRUGGE;14121;13701;97.02570639473124
2020-05;LIEGE-GUILLEMINS;25610;24357;95.10737992971495
2020-05;ZOTTEGEM;5189;5049;97.30198496820196
2020-06;CHARLEROI-SUD;16397;14686;89.56516435933402
2020-06;MECHELEN;37086;34459;92.91646443401824
2020-06;MONS;8299;7680;92.54127003253404
2020-06;ZOTTEGEM;5565;5415;97.30458221024259
2020-07;BRUGGE;20951;20202;96.42499164717675
2020-07;CHARLEROI-SUD;16274;15189;93.33292368194667
2020-07;GENT-SINT-PIETERS;51962;49832;95.9008506216081
2020-07;ZOTTEGEM;5524;5380;97.39319333816076
2020-08;CHARLEROI-SUD;11460;10750;93.804537521815
2020-08;GENT-SINT-PIETERS;49622;46894;94.50243843456532
2020-09;ANTWERPEN-CENTRAAL;46073;43507;94.43057756169557
2020-09;BRUGGE;15373;14754;95.9734599622715
2020-09;GENT-SINT-PIETERS;50687;47784;94.27269319549391
2020-09;ZOTTEGEM;6597;6362;96.43777474609672
2020-10;MECHELEN;40954;38432;93.84187136787615
2020-10;MONS;10607;9783;92.23154520599604
2020-11;BRUGGE;13654;12829;93.95781455983595
2020-11;LEUVEN;35966;33566;93.32703108491353
2020-11;LIEGE-GUILLEMINS;28571;26327;92.14588218823282
2020-11;ZOTTEGEM;5987;5749;96.02472022715884
2020-12;ANTWERPEN-CENTRAAL;41761;39718;95.1078757692584
2021-01;BRUGGE;16250;15609;96.05538461538463
2021-01;GENT-SINT-PIETERS;53235;50337;94.55621301775147
2021-01;NAMUR;22065;20878;94.62043961024247
2021-02;BRUGGE;13891;12986;93.48499028147722
2021-02;CHARLEROI-SUD;15072;13719;91.02308917197452
2021-02;GENT-SINT-PIETERS;48561;44502;91.64144066225984
2021-02;LEUVEN;38376;35037;91.29924953095684
2021-02;MONS;9080;8144;89.69162995594714
2021-03;BRUGGE;15042;14223;94.55524531312327
2021-03;CHARLEROI-SUD;16510;15290;92.61053906723198
2021-03;MECHELEN;40288;37483;93.03762907069103
2021-03;MONS;10696;9718;90.85639491398653
2021-03;NAMUR;23601;21858;92.6147197152663
2021-04;LEUVEN;38457;35538;92.40970434511271
2021-04;MONS;10384;9698;93.39368258859785
2021-05;GENT-SINT-PIETERS;50985;48348;94.82789055604589
2021-05;LIEGE-GUILLEMINS;29613;27033;91.28761017120858
2021-06;GENT-SINT-PIETERS;53489;49760;93.02847314401092
2021-06;MECHELEN;39142;36018;92.01880333145981
2021-06;NAMUR;23458;21751;92.72316480518373
2021-06;ZOTTEGEM;7632;7276;95.33542976939204
2021-07;BRUGGE;20210;19291;95.45274616526473
2021-07;CHARLEROI-SUD;13167;12269;93.17991949570897
2021-07;LEUVEN;39377;36958;93.85681997104909
2021-07;LIEGE-GUILLEMINS;10858;9920;91.36120832565851
2021-07;MECHELEN;33344;31504;94.48176583493282
2021-07;MONS;9401;8798;93.58578874587809
2021-07;NAMUR;16047;14877;92.70891755468313
2021-08;BRUGGE;20159;19546;96.95917456223026
2021-08;LIEGE-GUILLEMINS;12886;11595;89.9813751358063
2021-08;MECHELEN;35151;32974;93.80671958123524
2021-09;ANTWERPEN-CENTRAAL;50848;45929;90.32606985525487
2021-09;GENT-SINT-PIETERS;52840;48492;91.77138531415594
2021-09;LIEGE-GUILLEMINS;32919;28777;87.4176007776664
2021-09;MONS;10417;9443;90.64989920322549
2021-09;ZOTTEGEM;7788;7360;94.50436569080637
2021-10;CHARLEROI-SUD;15250;13499;88.51803278688524
2021-10;GENT-SINT-PIETERS;54559;50125;91.87301820048022
2021-10;NAMUR;23132;21078;91.12052567871348
2021-10;ZOTTEGEM;7457;6931;92.94622502346789
2021-11;BRUGGE;14606;13797;94.46118033684787
2021-11;CHARLEROI-SUD;15109;13909;92.0577139453306
2021-11;GENT-SINT-PIETERS;50945;46791;91.84610854843459
2021-11;LEUVEN;39666;36378;91.710785055211
2021-11;LIEGE-GUILLEMINS;32861;28658;87.20976233224795
2021-12;ANTWERPEN-CENTRAAL;46511;42197;90.7247747844596
2021-12;BRUGGE;15799;15171;96.02506487752389
2021-12;NAMUR;24250;23052;95.059793814433
2021-12;ZOTTEGEM;8483;8210;96.78179889190145
2022-01;LEUVEN;40553;37868;93.37903484329149
2022-01;MONS;9944;9292;93.44328238133548
2022-01;NAMUR;22272;21127;94.8590158045977
2022-02;ANTWERPEN-CENTRAAL;36226;32579;89.93264506155799
2022-02;BRUGGE;12716;12006;94.41648317080843
2022-02;LIEGE-GUILLEMINS;26580;24394;91.7757712565839
2022-02;MECHELEN;31011;28135;90.72587146496404
2022-03;ANTWERPEN-CENTRAAL;44297;39240;88.58387701198727
2022-03;CHARLEROI-SUD;18137;15601;86.01753321938578
2022-03;LEUVEN;42159;38470;91.24979245238265
2022-03;ZOTTEGEM;9110;8687;95.35675082327113
2022-04;GENT-SINT-PIETERS;49456;45666;92.33662245228082
2022-04;LEUVEN;38313;34938;91.19097956307259
2022-04;LIEGE-GUILLEMINS;29943;26593;88.81207627826203
2022-04;MECHELEN;31402;28132;89.58665053181326
2022-04;MONS;7241;6540;90.31901671039911
2022-04;ZOTTEGEM;8016;7579;94.54840319361277
2022-05;CHARLEROI-SUD;14895;13393;89.91607922121517
2022-05;MECHELEN;32778;28956;88.33974006955884
2022-05;ZOTTEGEM;8001;7527;94.07574053243344
2022-06;MECHELEN;33191;29417;88.62944774185773
2022-06;MONS;9834;8813;89.61765304047184
2022-07;CHARLEROI-SUD;14183;12996;91.63082563632517
2022-07;LEUVEN;38497;35250;91.56557653843157
2022-07;NAMUR;19619;18196;92.74682705540548
2022-08;ANTWERPEN-CENTRAAL;44564;40617;91.14307512790593
2022-08;CHARLEROI-SUD;15042;13997;93.05278553383859
2022-08;MECHELEN;33777;31329;92.75246469491074
2022-08;NAMUR;21305;19832;93.08613001642807
2022-09;BRUGGE;16141;15186;94.0833901245276
2022-10;CHARLEROI-SUD;16117;13662;84.76763665694608
2022-10;ZOTTEGEM;8416;7925;94.16587452471484
2022-11;ANTWERPEN-CENTRAAL;40102;35000;87.27744252157
2022-11;BRUGGE;11934;11033;92.45014245014245
2022-11;LIEGE-GUILLEMINS;25712;22188;86.2943372744244
2022-11;NAMUR;15443;13359;86.50521271773619
2022-12;ANTWERPEN-CENTRAAL;46863;39779;84.88359686746475
2022-12;BRUGGE;15090;14091;93.37972166998011
2022-12;GENT-SINT-PIETERS;51931;46622;89.77681924091583
2023-01;ANTWERPEN-CENTRAAL;49658;44605;89.82439888839663
2023-01;CHARLEROI-SUD;14747;13490;91.47623245405845
2023-01;LEUVEN;42938;38856;90.49326936513113
2023-01;LIEGE-GUILLEMINS;33806;30178;89.26817724664261
2023-02;GENT-SINT-PIETERS;47405;41782;88.13838202721232
2023-02;LEUVEN;38034;33295;87.54009570384393
2023-02;LIEGE-GUILLEMINS;30516;27239;89.2613710840215
2023-03;ANTWERPEN-CENTRAAL;47763;41797;87.50915980989468
2023-03;CHARLEROI-SUD;13373;12237;91.50527181634637
2023-03;GENT-SINT-PIETERS;48150;42976;89.25441329179647
2023-03;NAMUR;23696;21681;91.49645509790682
2023-03;ZOTTEGEM;8798;8262;93.90770629688565
2023-04;BRUGGE;12296;11527;93.7459336369551
2023-04;LIEGE-GUILLEMINS;28674;24902;86.84522563995257
2023-04;MONS;9367;8610;91.91843706629658
2023-04;NAMUR;20242;18427;91.03349471396108
2023-04;ZOTTEGEM;4915;4614;93.87589013224822
2023-05;ANTWERPEN-CENTRAAL;44295;38524;86.97144147194943
2023-05;MONS;9712;8807;90.68163097199341
2023-05;NAMUR;21115;19179;90.83116268055885
2023-05;ZOTTEGEM;7742;7106;91.78506845776285
2023-06;ANTWERPEN-CENTRAAL;48028;41267;85.92279503622888
2023-06;CHARLEROI-SUD;14182;13076;92.20138203356368
2023-06;MONS;10628;9580;90.13925479864508
2023-06;ZOTTEGEM;8581;7950;92.64654469176087
2023-07;CHARLEROI-SUD;11027;10531;95.50194975968078
2023-07;MECHELEN;32894;30376;92.34510853043109
2023-07;MONS;9108;8476;93.06104523495829
2023-08;BRUGGE;14484;13703;94.6078431372549
2023-08;CHARLEROI-SUD;10584;10025;94.71844293272865
2023-08;GENT-SINT-PIETERS;47802;43784;91.59449395422786
2023-08;LIEGE-GUILLEMINS;17079;14863;87.02500146378594
2023-09;BRUGGE;13983;13012;93.0558535364371
2023-09;CHARLEROI-SUD;13926;12860;92.34525348269425
2023-09;GENT-SINT-PIETERS;46182;40809;88.36559698583864
2023-09;LEUVEN;41629;36893;88.62331547719138
2023-09;LIEGE-GUILLEMINS;33420;28853;86.3345302214243
2023-09;MECHELEN;42173;37717;89.43399805562801
2023-09;MONS;10164;9240;90.9090909090909
2023-10;ANTWERPEN-CENTRAAL;46628;39812;85.38217380114952
2023-10;CHARLEROI-SUD;14521;13528;93.16162798705324
2023-10;LEUVEN;42970;37202;86.57668140563185
2023-10;ZOTTEGEM;8684;8002;92.1464762782128
2023-11;ANTWERPEN-CENTRAAL;41096;33934;82.57251313996497
2023-11;GENT-SINT-PIETERS;36787;31222;84.87237339277462
2023-12;BRUGGE;14266;13335;93.47399411187438
2023-12;MECHELEN;33330;29778;89.34293429342934
2023-12;MONS;8967;8171;91.12300657968106
2024-01;CHARLEROI-SUD;14802;13355;90.2242940143224
2024-01;GENT-SINT-PIETERS;52623;47128;89.55779792106114
2024-01;LEUVEN;46316;40957;88.42948441143449
2024-01;NAMUR;21339;18858;88.37340081540842
2024-02;BRUGGE;13803;12962;93.90712164022314
2024-02;CHARLEROI-SUD;15212;14166;93.12384959242704
2024-02;GENT-SINT-PIETERS;50574;45784;90.52873017756158
2024-02;LEUVEN;40888;36174;88.47094502054392
2024-03;LEUVEN;46839;42396;90.51431499391532
2024-03;MECHELEN;42503;38635;90.8994659200527
2024-03;ZOTTEGEM;7838;7345;93.71013013523857
2024-04;BRUGGE;14540;13630;93.74140302613479
2024-04;MONS;6956;6350;91.28809660724554
2024-05;ANTWERPEN-CENTRAAL;49068;42392;86.3943914567539
2024-05;GENT-SINT-PIETERS;50591;46581;92.0736889960665
2024-05;LIEGE-GUILLEMINS;36158;31419;86.89363349742796
2016-01;BRUGGE;17690;16603;93.8552854720181
2016-01;GENT-SINT-PIETERS;49719;44789;90.08427361773165
2016-01;LEUVEN;35654;32540;91.26605710439222
2016-01;LIEGE-GUILLEMINS;30700;27886;90.83387622149837
2016-01;MECHELEN;40611;37256;91.73869148752802
2016-01;MONS;7759;7089;91.36486660652146
2016-02;BRUGGE;16567;15565;93.95183195509145
2016-02;LIEGE-GUILLEMINS;32223;29459;91.42227601402725
2016-02;ZOTTEGEM;5854;5305;90.62179706183807
2016-03;ANTWERPEN-CENTRAAL;35644;33240;93.25552687689373
2016-03;CHARLEROI-SUD;17817;16218;91.02542515575013
2016-03;GENT-SINT-PIETERS;49575;45370;91.51790216843166
2016-04;ANTWERPEN-CENTRAAL;34736;32718;94.19046522339936
2016-04;GENT-SINT-PIETERS;49523;45430;91.73515336308382
2016-04;LIEGE-GUILLEMINS;31508;28232;89.6026405992129
2016-04;MECHELEN;39728;37579;94.5907168747483
2016-05;CHARLEROI-SUD;13136;11849;90.20249695493301
2016-05;ZOTTEGEM;5111;4543;88.8867149285854
2016-06;GENT-SINT-PIETERS;51219;45329;88.50036119408813
2016-06;MECHELEN;38716;34986;90.3657402624238
2016-06;ZOTTEGEM;5764;5128;88.96599583622485
2016-07;CHARLEROI-SUD;15490;14402;92.97611362169141
2016-07;GENT-SINT-PIETERS;51154;47831;93.5039293114908
2016-07;LEUVEN;35998;33972;94.37190955053059
2016-07;ZOTTEGEM;4861;4416;90.8455050401152
2016-08;MECHELEN;40436;38481;95.16519932733209
2016-09;ANTWERPEN-CENTRAAL;35082;32374;92.28094179351234
2016-09;GENT-SINT-PIETERS;52236;48144;92.16632207672869
2016-09;LEUVEN;39770;36889;92.75584611516217
2016-09;MECHELEN;40922;38121;93.15527100337226
2016-09;MONS;8282;7623;92.04298478628351
2016-09;ZOTTEGEM;6119;5664;92.56414446805033
2016-10;BRUGGE;17712;16480;93.04426377597109
2016-10;LIEGE-GUILLEMINS;33011;28327;85.81079034261306
2016-11;BRUGGE;16112;14492;89.94538232373385
2016-11;GENT-SINT-PIETERS;48924;42369;86.60166789305862
2016-11;LIEGE-GUILLEMINS;30546;25013;81.88633536305899
2016-11;ZOTTEGEM;5538;4909;88.64210906464429
2016-12;ANTWERPEN-CENTRAAL;35796;32577;91.00737512571237
2016-12;LEUVEN;41036;37184;90.61312018715275
2016-12;LIEGE-GUILLEMINS;33628;29408;87.45093374568812
2016-12;MECHELEN;41596;38345;92.1843446485239
2017-01;ANTWERPEN-CENTRAAL;35319;32616;92.3468954387157
2017-01;LIEGE-GUILLEMINS;33651;29875;88.77893673293514
2017-01;MECHELEN;41151;38523;93.61376394255304
2017-01;MONS;8850;8347;94.31638418079096
2017-02;LEUVEN;36758;33104;90.05930681756352
2017-02;LIEGE-GUILLEMINS;30306;26652;87.9429815878044
2017-02;MECHELEN;36602;33887;92.5823725479482
2017-03;ANTWERPEN-CENTRAAL;36749;33891;92.22291763041171
2017-03;BRUGGE;19159;18094;94.44125476277468
2017-03;LEUVEN;44158;40320;91.3084831740568
2017-03;MECHELEN;42611;39711;93.19424561732886
2017-03;MONS;9239;8555;92.59660136378396
2017-03;NAMUR;20176;17743;87.94111816019033
2017-04;LIEGE-GUILLEMINS;28469;25503;89.58165021602444
2017-05;ANTWERPEN-CENTRAAL;34913;31662;90.68828230172143
2017-05;CHARLEROI-SUD;17311;15457;89.2900467910577
2017-05;LEUVEN;41278;36377;88.1268472309705
2017-05;ZOTTEGEM;5808;5358;92.25206611570248
2017-06;BRUGGE;16782;15711;93.61816231676796
2017-06;GENT-SINT-PIETERS;46783;41494;88.69461129042601
2017-06;LEUVEN;38648;33644;87.05237010970814
2017-06;LIEGE-GUILLEMINS;28324;23874;84.28894223979664
2017-07;MONS;7450;6842;91.83892617449665
2017-07;NAMUR;18322;16488;89.99017574500601
2017-07;ZOTTEGEM;4971;4682;94.18628042647354
2017-08;ANTWERPEN-CENTRAAL;33979;32073;94.39065305041349
2017-08;BRUGGE;24023;22953;95.54593514548557
2017-08;CHARLEROI-SUD;15954;15108;94.6972546069951
2017-09;GENT-SINT-PIETERS;50200;45056;89.75298804780877
2017-09;NAMUR;17608;14296;81.19036801453885
2017-10;LEUVEN;41864;36277;86.65440473915535
2017-10;NAMUR;16433;13237;80.55132964157488
2017-11;CHARLEROI-SUD;15769;13502;85.62369205403006
2017-11;GENT-SINT-PIETERS;49305;42713;86.63015921306155
2017-11;LEUVEN;41273;35495;86.00053303612532
2017-11;LIEGE-GUILLEMINS;32567;26432;81.16191236527773
2017-11;MONS;8480;6976;82.26415094339623
2017-12;ZOTTEGEM;6195;5715;92.25181598062953
2018-01;CHARLEROI-SUD;17971;16204;90.16749207055813
2018-01;GENT-SINT-PIETERS;57153;52394;91.67322800202965
2018-01;MONS;11693;10514;89.9170443855298
2018-01;ZOTTEGEM;6869;6469;94.17673606056195
2018-02;ANTWERPEN-CENTRAAL;52411;46323;88.38411783785847
2018-02;BRUGGE;15454;14299;92.52620680729908
2018-02;GENT-SINT-PIETERS;51072;45904;89.88095238095238
2018-02;LEUVEN;38251;33828;88.43690361036313
2018-02;LIEGE-GUILLEMINS;28746;23665;82.32449732136645
2018-02;NAMUR;21604;19275;89.21958896500648
2018-03;ANTWERPEN-CENTRAAL;59940;54346;90.66733400066734
2018-03;BRUGGE;16296;15048;92.34167893961708
2018-03;GENT-SINT-PIETERS;57536;52187;90.70321190211345
2018-04;ANTWERPEN-CENTRAAL;50588;45407;89.75844073693366
2018-04;GENT-SINT-PIETERS;49958;45435;90.94639497177629
2018-04;LIEGE-GUILLEMINS;30349;26381;86.92543411644536
2018-05;LEUVEN;42094;37446;88.9580462773792
2018-05;LIEGE-GUILLEMINS;31849;27366;85.92420484159629
2018-05;MONS;11052;9975;90.25515743756786
2018-05;ZOTTEGEM;6291;5799;92.1793037672866
2018-06;ANTWERPEN-CENTRAAL;51100;45009;88.08023483365949
2018-06;BRUGGE;15675;14657;93.50558213716108
2018-06;CHARLEROI-SUD;16614;14605;87.90778861201396
2018-06;GENT-SINT-PIETERS;53275;47258;88.70577193805725
2018-06;MONS;9351;7971;85.24222008341353
2018-07;ANTWERPEN-CENTRAAL;48332;42863;88.68451543490855
2018-07;MONS;9776;8852;90.54828150572831
2018-09;BRUGGE;15300;14079;92.01960784313725
2018-09;CHARLEROI-SUD;16793;14944;88.98945989400346
2018-09;GENT-SINT-PIETERS;55975;49832;89.02545779365788
2018-09;LEUVEN;40611;35206;86.69079805963902
2018-09;MECHELEN;38595;35335;91.55331001425056
2018-09;MONS;10231;9028;88.24161861010654
2018-09;ZOTTEGEM;6393;5973;93.43031440638198
2018-10;ANTWERPEN-CENTRAAL;56342;51045;90.59848780660963
2018-10;LEUVEN;44818;39462;88.04944441965283
2018-10;MECHELEN;43546;39534;90.78675423689891
2018-11;LIEGE-GUILLEMINS;34821;29174;83.78277476235606
2018-11;MONS;10453;9069;86.75978188079976
2018-11;NAMUR;23692;20735;87.51899375316563
2018-11;ZOTTEGEM;6202;5782;93.22799097065463
2018-12;CHARLEROI-SUD;17072;15596;91.35426429240863
2018-12;MONS;10180;9358;91.92534381139488
2018-12;ZOTTEGEM;6254;6003;95.9865685960985
2019-01;LIEGE-GUILLEMINS;33516;30120;89.86752595775152
2019-01;NAMUR;24822;22952;92.46636048666505
2019-02;ANTWERPEN-CENTRAAL;45276;40702;89.89751744853785
2019-02;CHARLEROI-SUD;16106;14646;90.93505525890973
2019-02;ZOTTEGEM;6285;6045;96.18138424821002
2019-03;BRUGGE;15998;15412;96.33704213026628
2019-03;CHARLEROI-SUD;18475;17215;93.17997293640055
2019-03;GENT-SINT-PIETERS;54270;50866;93.72765800626497
2019-03;LEUVEN;42873;40018;93.34079723835515
2019-03;NAMUR;24078;22181;92.12143865769582
2019-03;ZOTTEGEM;6753;6537;96.80142159040427
2019-04;CHARLEROI-SUD;17351;16034;92.40965938562618
2019-04;GENT-SINT-PIETERS;51799;48121;92.89947682387691
2019-04;LEUVEN;40546;37590;92.70951511863069
2019-04;LIEGE-GUILLEMINS;22112;19429;87.86631693198264
2019-04;MECHELEN;38784;35488;91.5016501650165
2019-06;LEUVEN;39084;35776;91.53617848736056
2019-06;NAMUR;16244;14739;90.7350406303866
2019-06;ZOTTEGEM;5874;5510;93.80320054477357
2019-07;CHARLEROI-SUD;17274;16111;93.26733819613293
2019-07;MONS;10507;9831;93.56619396592748
2019-07;ZOTTEGEM;5981;5711;95.48570473165022
2019-08;GENT-SINT-PIETERS;53583;50851;94.9013679711849
2019-08;LIEGE-GUILLEMINS;13248;12161;91.79498792270532
2019-08;ZOTTEGEM;5650;5469;96.79646017699115
2019-09;MECHELEN;39379;36439;92.53409177480383
2019-09;ZOTTEGEM;6581;6282;95.45661753532897
2019-10;CHARLEROI-SUD;18373;16907;92.02090023403909
2019-10;GENT-SINT-PIETERS;56502;51622;91.36313758804998
2019-10;LEUVEN;44518;40744;91.52253021249831
2019-10;MECHELEN;42370;38541;90.96294548029266
2019-12;LEUVEN;40258;37238;92.49838541407918
2019-12;MECHELEN;37145;33803;91.00282675999462
2020-01;ANTWERPEN-CENTRAAL;52611;48779;92.71635209366862
2020-01;BRUGGE;15470;14841;95.93406593406594
2020-01;CHARLEROI-SUD;18265;17030;93.23843416370107
2020-01;MECHELEN;40928;37676;92.05433932759969
2020-01;NAMUR;24926;23531;94.40343416512879
2020-02;MECHELEN;38093;34642;90.94059275982464
2020-03;MONS;7741;7147;92.32657279421264
2020-03;NAMUR;18503;17165;92.7687402042912
2020-03;ZOTTEGEM;5367;5242;97.67095211477547
2020-04;LEUVEN;17263;16755;97.0572901581417
2020-04;ZOTTEGEM;2100;2059;98.04761904761905
2020-05;ANTWERPEN-CENTRAAL;37004;35404;95.67614311966274
2020-05;GENT-SINT-PIETERS;49276;47101;95.58608653299781
2020-05;LEUVEN;36276;34669;95.57007387804609
2020-05;MECHELEN;33749;31860;94.40279711991467
2020-06;ANTWERPEN-CENTRAAL;41912;39678;94.66978430998282
2020-06;BRUGGE;16560;16122;97.35507246376811
2020-06;GENT-SINT-PIETERS;49741;47307;95.10665245974145
2020-06;LIEGE-GUILLEMINS;27551;25938;94.14540307066895
2020-06;NAMUR;22795;21568;94.61724062294363
2020-07;ANTWERPEN-CENTRAAL;43574;41711;95.72451461880938
2020-07;LIEGE-GUILLEMINS;14092;13361;94.81265966505819
2020-07;NAMUR;21619;20647;95.50395485452611
2020-08;ANTWERPEN-CENTRAAL;41451;39238;94.66116619623169
2020-08;LIEGE-GUILLEMINS;13962;12916;92.50823664231486
2020-08;MECHELEN;38049;35688;93.79484349128755
2020-08;NAMUR;19199;18209;94.84348143132455
2020-09;CHARLEROI-SUD;17363;15748;90.69861199101538
2020-09;MONS;10122;9278;91.66172693143648
2020-10;ANTWERPEN-CENTRAAL;45980;43831;95.32622879512832
2020-10;LIEGE-GUILLEMINS;32517;29992;92.23483101147092
2020-10;NAMUR;24265;22220;91.57222336698949
2020-10;ZOTTEGEM;6780;6558;96.72566371681415
2020-11;ANTWERPEN-CENTRAAL;31222;29641;94.93626289155083
2020-11;NAMUR;19074;17719;92.89608891685016
2020-12;GENT-SINT-PIETERS;51668;49194;95.21173647131687
2020-12;LEUVEN;40762;38927;95.49825818163976
2020-12;LIEGE-GUILLEMINS;31552;29835;94.55818965517241
2020-12;MECHELEN;35103;33078;94.23126228527477
2020-12;MONS;10222;9772;95.59773038544316
2021-01;ANTWERPEN-CENTRAAL;43404;40807;94.0166804902774
2021-01;MONS;10561;9977;94.47022062304707
2021-02;MECHELEN;33769;30183;89.38079303503214
2021-02;NAMUR;21885;20123;91.94882339501942
2021-02;ZOTTEGEM;6948;6620;95.27921704087507
2021-03;LEUVEN;41909;39055;93.19000691975471
2021-03;LIEGE-GUILLEMINS;31693;29087;91.77736408670685
2021-04;ANTWERPEN-CENTRAAL;41544;39171;94.28798382437897
2021-04;GENT-SINT-PIETERS;50767;47977;94.50430397699293
2021-04;LIEGE-GUILLEMINS;29644;26859;90.60518148697881
2021-04;MECHELEN;35476;33149;93.44063592287743
2021-05;ANTWERPEN-CENTRAAL;42634;40177;94.23699394849181
2021-05;MECHELEN;34979;32845;93.89919666085366
2021-05;ZOTTEGEM;6484;6207;95.72794571252314
2021-06;BRUGGE;16125;15506;96.16124031007752
2021-06;LIEGE-GUILLEMINS;32415;28829;88.93722042264383
2021-06;MONS;10378;9467;91.22181537868568
2021-07;GENT-SINT-PIETERS;54889;52015;94.76397821057041
2021-07;ZOTTEGEM;7019;6758;96.28152158427127
2021-08;ANTWERPEN-CENTRAAL;46185;43209;93.55634946411172
2021-08;CHARLEROI-SUD;14120;12735;90.19121813031161
2021-08;LEUVEN;39758;37854;95.2110267116052
2021-08;MONS;10406;9796;94.13799730924467
2021-08;ZOTTEGEM;7059;6862;97.20923643575577
2021-10;LIEGE-GUILLEMINS;32997;29192;88.46864866503016
2021-10;MECHELEN;35912;32320;89.99777233236802
2021-11;ANTWERPEN-CENTRAAL;43071;39064;90.69675651830698
2021-11;MONS;10173;9406;92.46043448343654
2021-11;ZOTTEGEM;6708;6334;94.42456768038163
2021-12;CHARLEROI-SUD;17552;16190;92.24020054694621
2021-12;GENT-SINT-PIETERS;52699;49481;93.8936222698723
2021-12;LEUVEN;43318;40642;93.82242947504501
2021-12;MECHELEN;35943;32897;91.52547088445594
2021-12;MONS;10345;9563;92.44079265345577
2022-01;CHARLEROI-SUD;16708;15659;93.72157050514723
2022-01;MECHELEN;36836;34225;92.91182538820719
2022-01;ZOTTEGEM;8194;7848;95.77739809616793
2022-02;CHARLEROI-SUD;14236;12480;87.66507445911773
2022-02;LEUVEN;33262;30384;91.34748361493597
2022-02;MONS;9516;8601;90.38461538461539
2022-02;NAMUR;17856;16492;92.36111111111111
2022-02;ZOTTEGEM;7715;7354;95.32080362929358
2022-03;MECHELEN;37422;33371;89.17481695259472
2022-03;MONS;10602;9296;87.68156951518581
2022-03;NAMUR;24268;21933;90.37827591890556
2022-04;BRUGGE;14300;13516;94.51748251748252
2022-05;ANTWERPEN-CENTRAAL;48631;42874;88.16187205691843
2022-05;BRUGGE;13649;12773;93.58194739541358
2022-05;GENT-SINT-PIETERS;49036;44250;90.2398238029203
2022-05;LIEGE-GUILLEMINS;29048;25697;88.46392178463233
2022-05;MONS;9177;8400;91.53318077803205
2022-05;NAMUR;21763;20072;92.22993153517439
2022-06;ANTWERPEN-CENTRAAL;46857;40575;86.59325180869453
2022-06;BRUGGE;15533;14533;93.56209360715894
2022-06;NAMUR;22580;20569;91.09388839681134
2022-06;ZOTTEGEM;8028;7484;93.22371699053313
2022-07;ANTWERPEN-CENTRAAL;40800;36245;88.83578431372548
2022-07;BRUGGE;15819;14932;94.39281876224793
2022-07;LIEGE-GUILLEMINS;16437;14225;86.54255642757194
2022-07;ZOTTEGEM;7836;7471;95.3420112302195
2022-08;GENT-SINT-PIETERS;51649;47800;92.5477744002788
2022-08;MONS;5831;5501;94.34059338020923
2022-09;LEUVEN;43479;39242;90.25506566388371
2022-09;LIEGE-GUILLEMINS;30939;27313;88.28016419405927
2022-09;MONS;9528;8452;88.70696893366919
2022-09;ZOTTEGEM;8784;8120;92.4408014571949
2022-10;ANTWERPEN-CENTRAAL;44415;37199;83.75323651919396
2022-10;GENT-SINT-PIETERS;49921;45213;90.56909917669918
2022-10;LIEGE-GUILLEMINS;30658;26187;85.41653075869267
2022-10;NAMUR;20234;17924;88.58357220519918
2022-11;CHARLEROI-SUD;14504;12868;88.72035300606728
2022-11;GENT-SINT-PIETERS;42208;37764;89.47119029567855
2022-11;MONS;7506;6479;86.31761257660538
2022-11;ZOTTEGEM;7420;6924;93.31536388140161
2022-12;CHARLEROI-SUD;14226;12281;86.32785041473359
2022-12;LIEGE-GUILLEMINS;32159;27204;84.59218259274232
2023-01;GENT-SINT-PIETERS;53593;49178;91.76198384117329
2023-01;MECHELEN;36153;32454;89.76848394324122
2023-01;NAMUR;22799;20802;91.24084389666214
2023-02;BRUGGE;13506;12547;92.89945209536502
2023-02;CHARLEROI-SUD;11376;10119;88.95042194092827
2023-02;MECHELEN;31131;26843;86.22594841155119
2023-03;BRUGGE;14157;13203;93.26128417037508
2023-04;GENT-SINT-PIETERS;46207;41497;89.8067392386435
2023-04;MECHELEN;26831;23972;89.34441504230182
2023-05;BRUGGE;14300;13208;92.36363636363636
2023-05;MECHELEN;33014;29489;89.32271157690677
2023-06;BRUGGE;14327;13259;92.54554337963286
2023-06;GENT-SINT-PIETERS;51299;44943;87.60989492972573
2023-06;LEUVEN;41654;36739;88.20041292552936
2023-06;LIEGE-GUILLEMINS;29615;25641;86.5811244301874
2023-06;NAMUR;23958;21583;90.08681859921529
2023-07;ANTWERPEN-CENTRAAL;45448;40415;88.9258053159655
2023-07;BRUGGE;14438;13471;93.30239645380246
2023-07;GENT-SINT-PIETERS;45468;41419;91.09483592856515
2023-07;NAMUR;16954;15754;92.9220243010499
2023-08;LEUVEN;41516;38015;91.56710665767415
2023-08;MECHELEN;33875;31175;92.02952029520294
2023-08;MONS;9333;8704;93.26047358834244
2023-08;NAMUR;18866;17761;94.14290257606275
2023-09;NAMUR;22423;20350;90.7550283191366
2023-10;BRUGGE;14469;13352;92.28004699702814
2023-10;GENT-SINT-PIETERS;47699;41536;87.07939369798109
2023-10;MONS;10334;9384;90.8070447067931
2023-10;NAMUR;24231;22315;92.09277371961537
2023-11;BRUGGE;11793;10591;89.80751293139998
2023-11;CHARLEROI-SUD;12049;10904;90.49713669184165
2023-11;LEUVEN;36818;31280;84.95844423923081
2023-11;MECHELEN;36853;31872;86.48413969012022
2023-11;ZOTTEGEM;7077;6298;88.99251095096793
2023-12;CHARLEROI-SUD;12744;11841;92.91431261770245
2023-12;GENT-SINT-PIETERS;47526;42688;89.82030888355848
2023-12;LEUVEN;40903;36665;89.63890179204459
2023-12;LIEGE-GUILLEMINS;31127;27388;87.98792045491052
2023-12;NAMUR;19596;17719;90.42151459481526
2024-01;MECHELEN;40274;35531;88.22317127675423
2024-01;MONS;9377;8113;86.52020902207529
2024-01;ZOTTEGEM;8327;7704;92.51831391857812
2024-02;LIEGE-GUILLEMINS;34434;30072;87.33228785502702
2024-02;MECHELEN;36789;32811;89.1869852401533
2024-02;MONS;6490;5821;89.69183359013867
2024-02;ZOTTEGEM;8109;7605;93.78468368479467
2024-03;BRUGGE;13201;12367;93.6822967956973
2024-03;CHARLEROI-SUD;15646;14758;94.32442796880991
2024-03;MONS;6774;6335;93.5193386477709
2024-04;CHARLEROI-SUD;15496;14528;93.75322663913268
2024-04;GENT-SINT-PIETERS;43078;39510;91.71734992339478
2024-04;LEUVEN;45591;41343;90.68237152069487
2024-04;LIEGE-GUILLEMINS;32923;29450;89.45114357743826
2024-04;NAMUR;19145;17570;91.77330895795247
2024-04;ZOTTEGEM;7105;6556;92.27304714989444
2024-05;BRUGGE;15633;14790;94.60756092880446
2024-05;CHARLEROI-SUD;14479;13506;93.27992264659161
2024-05;LEUVEN;42846;38083;88.88344302852074
2024-05;MECHELEN;40428;36420;90.08607895517959
2024-05;MONS;6510;5976;91.79723502304148
